id,per_square_meter_price
COL_289284,37438.61281231339
COL_289305,44712.74801174071
COL_289318,38785.219790281255
COL_289354,80376.22386857393
COL_289399,47978.65282174404
COL_289428,38010.619376278315
COL_289460,58104.251752763346
COL_289493,60522.99833516538
COL_289495,59600.370136197416
COL_289749,50056.981612145304
COL_289763,187479.18336398364
COL_289778,52282.061781224525
COL_289801,35940.44567451203
COL_289971,37888.75936804167
COL_290143,47209.3143412268
COL_290169,110156.43848083298
COL_290252,28995.77888063832
COL_290336,27660.953927083432
COL_290398,36816.92474212965
COL_290403,37866.35888124146
COL_290431,33276.73970905387
COL_290466,49578.81621657176
COL_290486,53654.135584254356
COL_290497,31007.90518772105
COL_290510,57509.82299204338
COL_290559,53518.22153735233
COL_290600,97118.58224755556
COL_290602,110541.34585080868
COL_290716,49751.606199559465
COL_290717,28998.77110131082
COL_290876,44504.52901433764
COL_290966,37798.896538685825
COL_291008,34692.1665672631
COL_291021,148978.7639662216
COL_291043,65996.47672275222
COL_291190,57438.69044855654
COL_291192,46363.612870289326
COL_291274,48590.08972515228
COL_291284,75274.97212912398
COL_291397,40486.65044952512
COL_291450,69565.20245366356
COL_291738,63262.4428820387
COL_291740,38804.87881307968
COL_291825,35518.57610720725
COL_291900,52529.644884005844
COL_292045,81254.01194314923
COL_292135,42745.49245007176
COL_292258,35318.95270912906
COL_292275,30508.61410402982
COL_292279,49795.30841026038
COL_292364,63285.55598637934
COL_292417,36592.570544276175
COL_292421,45639.8812747541
COL_292501,54054.60221697719
COL_292654,102065.50298932534
COL_292906,51886.50107976983
COL_292926,31015.668182995727
COL_293123,47675.447650327
COL_293135,29747.323756301896
COL_293496,50885.31262431468
COL_293497,46894.00027863918
COL_293588,198709.61453592425
COL_293614,179822.12750343146
COL_293631,91449.13046427217
COL_293703,37541.40003173303
COL_293773,30314.01507106848
COL_293780,43633.34601050639
COL_293783,31833.936517158472
COL_293826,37742.720107945686
COL_293889,102513.0658019775
COL_293952,56311.33744608289
COL_293956,42828.7698919701
COL_294068,73496.51617639049
COL_294101,51754.32788105559
COL_294115,44983.76342848631
COL_294143,42500.66177380786
COL_294200,37337.58993664113
COL_294245,30463.385315382384
COL_294261,36084.52379120094
COL_294293,66326.37475901781
COL_294300,63089.74260423253
COL_294350,43453.316777138236
COL_294488,50393.362507321945
COL_294525,47417.89778678148
COL_294553,37267.57165662542
COL_294558,48164.775552858984
COL_294593,44925.27643439807
COL_294691,55263.24014615475
COL_294716,28819.9896543718
COL_294729,52813.64319473547
COL_294785,57746.05528234165
COL_294917,61955.40263122072
COL_294951,27607.90146399194
COL_294975,41507.56518183479
COL_295255,28469.68584789882
COL_295327,21741.52356134141
COL_295509,42549.25698790495
COL_295595,60122.388028067675
COL_296322,41591.67392591893
COL_296509,29845.636226155864
COL_296521,196339.87186836218
COL_296756,33136.69175744993
COL_296901,49705.5693437902
COL_297293,31518.594024450424
COL_297324,41844.539894370995
COL_297326,48430.09660944881
COL_297329,40207.75470324993
COL_297441,40483.22030997351
COL_297472,37272.10139389094
COL_297631,63759.10659351811
COL_297815,92947.24620090956
COL_298020,39599.79140873188
COL_298046,61372.14501341652
COL_298052,38262.9480094252
COL_298055,101190.36626192511
COL_298064,52415.19531888563
COL_298075,55443.22160147482
COL_298099,44566.74081170143
COL_298101,86304.18911887526
COL_298102,51772.271596447
COL_298103,36431.9690704264
COL_298104,46102.7108563322
COL_298261,68321.72138176156
COL_298459,235573.7096895336
COL_298471,36174.31889421068
COL_298481,59729.62683865168
COL_298516,52923.16643714987
COL_298532,42577.87176491132
COL_298539,40252.223332937465
COL_298593,157242.35505430415
COL_298719,29989.465903414122
COL_298724,34259.91285989257
COL_298733,43033.30328135643
COL_298817,75854.38233969633
COL_298837,57347.51426889477
COL_298968,216455.66431992955
COL_299209,76405.27850748546
COL_299221,198237.94626713812
COL_299361,44391.25643826483
COL_299366,60709.04783876497
COL_299450,89956.41412826504
COL_299454,50798.55788246501
COL_299455,82367.91528322316
COL_299459,76128.27150109298
COL_299464,29764.811628107895
COL_299468,58917.049146408994
COL_299486,42233.625393454735
COL_299491,99578.9062637844
COL_299497,76304.57294654027
COL_299499,44942.50378458509
COL_299501,81018.6577610226
COL_299540,44284.26948510944
COL_299615,58168.06690132
COL_299659,151177.83332877184
COL_299678,148507.93883945278
COL_299795,30860.894058763468
COL_299818,43511.9564971505
COL_299819,78130.07909636463
COL_299820,88212.933380093
COL_299960,57085.703531426996
COL_300095,68376.22080752197
COL_300108,195256.67831761434
COL_300125,32483.923446349236
COL_300144,267008.7264883141
COL_300225,55791.90039798259
COL_300305,246497.59435001612
COL_300423,41955.42713098142
COL_300491,36621.78396498115
COL_300562,41505.01935144566
COL_300747,37522.40777221099
COL_300816,55137.3398018928
COL_300942,34498.89871433109
COL_300959,41187.94792094126
COL_300962,34160.17594470416
COL_301220,40006.109984965835
COL_301285,57486.2607431117
COL_301290,69485.53725301326
COL_301303,91465.28528519788
COL_301367,36421.053562270026
COL_301368,49252.682220155184
COL_301378,78332.6955314603
COL_301401,51216.21360306866
COL_301444,44579.96457446757
COL_301445,56071.67622028227
COL_301574,98285.8881905587
COL_301649,31512.81358402748
COL_301669,54149.34728765208
COL_301670,42648.4472060849
COL_301679,59034.99823174389
COL_301709,33518.17940796017
COL_301757,172248.7460054951
COL_301819,34016.01731718038
COL_301820,43002.453109428076
COL_301821,36093.74605905018
COL_301822,39016.00940880366
COL_301823,39230.170580670914
COL_301843,42245.106039795486
COL_301976,65993.95425808245
COL_301986,42106.30974845321
COL_302097,43594.42988819496
COL_302111,77824.08814000856
COL_302139,42227.78110463045
COL_302293,38156.6626120002
COL_302294,41151.41869891772
COL_302428,47608.9193971092
COL_302465,34707.40293554206
COL_302497,83335.70305018284
COL_302548,37241.698722260706
COL_302597,39493.4975566545
COL_302726,46245.988000840705
COL_302745,57891.003720794804
COL_302873,39970.45738003303
COL_302926,45770.085952996036
COL_302986,48165.6201400711
COL_302987,46503.90914128398
COL_302994,62677.36709409391
COL_303002,74690.29987552657
COL_303004,45300.80526761472
COL_303007,48961.484730400545
COL_303069,48955.24583283496
COL_303147,32971.732267333966
COL_303265,35622.722102679865
COL_303285,84056.60514678428
COL_303366,31097.51763287334
COL_303405,98268.65130996252
COL_303564,44199.719270022135
COL_303569,27568.460877150457
COL_303618,75000.38920774202
COL_303623,66098.60265946825
COL_303624,54959.09675133352
COL_303625,52396.49448335823
COL_303626,50427.02589167471
COL_303627,39522.048590089595
COL_303637,28297.004463201407
COL_303638,31481.246324501513
COL_304041,47023.45308184033
COL_304147,382391.90040896623
COL_304255,188100.24869445653
COL_304280,56317.6300988733
COL_304320,37553.764887324614
COL_304322,42152.21504966785
COL_304323,30983.06325193832
COL_304324,23855.337214043633
COL_304325,32802.15260982148
COL_304367,39316.490489130636
COL_304546,43229.8897775534
COL_304550,82605.86870266261
COL_304552,99758.76541626069
COL_304561,45753.17567664566
COL_304585,77725.07126792807
COL_304853,95311.79375160944
COL_304902,38116.55719403242
COL_304978,54332.777013520004
COL_304984,43830.54331759512
COL_305002,47358.42043498132
COL_305017,73693.46307061463
COL_305038,33204.905060261546
COL_305057,39701.51795896562
COL_305058,36142.27012333945
COL_305059,37466.882236740086
COL_305114,341066.5457693877
COL_305373,61139.60963733991
COL_305382,78313.11326296473
COL_305383,72961.16534617296
COL_305384,97999.52282861772
COL_305385,78949.04705963163
COL_305386,78473.31402911812
COL_305387,77221.62442735546
COL_305388,74135.13165068395
COL_305413,49854.86961945303
COL_305607,43906.224679601364
COL_305652,46854.2965928948
COL_305726,187948.71863126647
COL_305896,54468.232440934094
COL_305924,39993.03805866945
COL_305926,39010.7277196483
COL_306033,78131.43159246427
COL_306088,52479.904328012395
COL_306141,38890.44675856168
COL_306143,47968.60840473902
COL_306144,50188.83554742598
COL_306151,69480.11771289528
COL_306153,60778.707553078195
COL_306154,55843.71751599606
COL_306155,38370.69372033363
COL_306206,47495.92666538636
COL_306621,43028.800214548806
COL_306728,51042.91260039441
COL_306758,46809.94416407256
COL_306763,95999.02365084234
COL_306803,46363.979575614445
COL_306853,43813.55409100138
COL_306892,40881.28361762808
COL_306938,92696.60160310287
COL_307001,50568.06261111471
COL_307043,55114.190883585514
COL_307158,53288.07943964859
COL_307269,48802.00539567848
COL_307356,62987.31658310546
COL_307480,38219.30649065277
COL_307529,52666.11796937338
COL_307623,38658.18365790625
COL_307819,45436.49464035161
COL_307874,47851.91393097724
COL_307945,72974.99508799525
COL_307986,76326.28731655658
COL_308206,53987.100115845584
COL_308211,34493.20199317445
COL_308429,72229.40959691402
COL_308446,39247.90233444794
COL_308472,50214.18861797921
COL_308486,55560.95088547471
COL_308492,54500.47674592748
COL_308493,52119.663257569024
COL_308743,44407.10605206635
COL_308803,38645.672953018344
COL_308813,70380.89607529643
COL_308963,54690.91302332999
COL_308966,28355.492393298282
COL_309079,30513.35822775004
COL_309121,36572.768226976536
COL_309434,39302.215932687424
COL_309612,41575.227859163024
COL_309635,20810.684687577308
COL_309640,41006.251220923936
COL_309642,32080.55556191832
COL_309784,43457.58282890345
COL_310093,28621.448872240122
COL_310107,37258.49449297962
COL_310164,44741.8979429396
COL_310207,52771.41174249752
COL_310218,37951.17783321328
COL_310311,41898.49918819757
COL_310315,56474.06866105799
COL_310359,48146.12302902655
COL_310405,81435.23229820262
COL_310447,40066.13271910242
COL_310503,48112.5866492211
COL_310570,35046.89457030133
COL_310590,47239.38568054361
COL_310604,40201.257812393014
COL_310641,133282.94772367761
COL_310642,52424.034177302965
COL_310656,413272.95752914215
COL_310722,38422.28968046109
COL_310897,44273.004156859126
COL_311016,22986.7373563349
COL_311017,40873.81790922905
COL_311018,43733.31008580651
COL_311025,32119.24340057632
COL_311026,45921.67348299538
COL_311068,36190.44452177049
COL_311128,35273.7977041821
COL_311187,130262.1698362585
COL_311188,123881.12150959331
COL_311328,202171.6879827009
COL_311348,44572.95862416268
COL_311537,69669.23694144675
COL_311660,43124.54480598034
COL_311665,37928.330880093265
COL_311698,32303.567455011707
COL_311704,228946.49419997827
COL_311870,46413.584886070974
COL_312002,44215.31450745953
COL_312005,253181.17279542965
COL_312006,154101.59679801215
COL_312007,146438.67250600993
COL_312010,87882.86973673967
COL_312014,44879.46686545857
COL_312208,44993.77241986399
COL_312270,47719.14027031759
COL_312284,65876.50999237226
COL_312290,36184.00085705134
COL_312323,65397.40873850959
COL_312335,49364.42742442725
COL_312455,51736.68108633586
COL_312609,41750.6544105683
COL_312628,37404.528427535195
COL_312649,78311.52525928504
COL_312672,46201.77911946918
COL_312673,43297.3250829275
COL_312695,49896.193251279336
COL_312997,289734.2696187943
COL_313006,57507.8679179588
COL_313065,57940.99982330484
COL_313068,59811.74854862929
COL_313211,51305.418991640094
COL_313268,262207.59087364015
COL_313304,33046.216356009594
COL_313352,39707.95691864602
COL_313363,45675.50859994163
COL_313535,93370.58665938869
COL_313559,138809.6550286681
COL_313572,53434.41694873811
COL_313573,52172.057156229996
COL_313574,43123.131803848766
COL_313597,43842.17529347706
COL_313606,45735.04876411511
COL_313694,81630.34324949204
COL_313703,42352.581693803724
COL_313717,75858.94274455302
COL_313789,32975.28594088387
COL_313791,38386.861224011365
COL_313814,62829.911610882315
COL_314054,91757.14517131133
COL_314055,91691.69109959804
COL_314058,91147.3930211949
COL_314069,34440.270328681385
COL_314170,43971.67020486382
COL_314185,38954.83941575423
COL_314186,34280.48499088277
COL_314187,40312.51787309806
COL_314190,79572.90018800023
COL_314196,35939.12506824241
COL_314211,48711.22663681405
COL_314230,52707.352838515275
COL_314308,40569.488201032735
COL_314419,40728.67545898285
COL_314536,41791.86220665782
COL_314628,59848.7705401758
COL_314746,51788.202948219216
COL_314818,52046.93092120274
COL_314821,56822.380405701006
COL_314859,42708.21463738968
COL_314860,30013.678486283334
COL_314899,126884.81866529747
COL_314907,40382.768078196554
COL_314997,36325.37834384263
COL_315015,93403.41761690163
COL_315135,53251.83377472255
COL_315502,46857.0426949409
COL_315578,43175.32917425893
COL_315599,30990.71804269217
COL_315602,42476.745637843116
COL_315621,33980.61567240446
COL_315652,160470.33656322927
COL_315673,352886.26363764517
COL_315724,31622.025167724714
COL_315806,27712.7177672601
COL_315970,56451.94510718038
COL_315976,25263.642520334666
COL_315977,25632.567140832383
COL_316014,32197.757610670556
COL_316015,43802.70419002555
COL_316017,44045.52841857202
COL_316021,46309.12204175529
COL_316022,30636.96497183605
COL_316023,52271.98399829521
COL_316024,44792.349637580664
COL_316025,44891.28192522299
COL_316150,52366.33484765576
COL_316180,79386.20146575049
COL_316181,43681.456775757586
COL_316289,49030.26305219926
COL_316308,26017.182204730816
COL_316323,30538.887330213587
COL_316387,24584.67722724503
COL_316388,23852.65750737739
COL_316389,26840.38631121274
COL_316390,25053.102492786562
COL_316392,23202.879509428105
COL_316423,30390.502490899304
COL_316446,50574.89025452901
COL_316448,50932.12014962992
COL_316562,39134.439459609086
COL_316629,45238.784289062176
COL_316720,58797.3515313595
COL_316897,159099.36849313523
COL_316942,39730.77593363918
COL_317174,44838.44309535112
COL_317405,50430.670560304636
COL_317423,55342.948760053594
COL_317789,50485.361030543616
COL_317930,92441.20961699418
COL_318181,89712.13446825239
COL_318209,70624.82909938047
COL_318336,32667.37129983561
COL_318357,28547.07420103898
COL_318384,38818.452852047805
COL_318425,41970.30395691645
COL_318499,31326.631773204328
COL_318575,70863.90245353525
COL_318696,83113.43782821808
COL_318698,244552.2251802739
COL_318712,66011.48662607762
COL_318765,84752.1598632439
COL_319064,81489.3812531336
COL_319104,43791.425867755315
COL_319163,33792.47057784666
COL_319251,50458.21598804353
COL_319500,45982.369944040445
COL_319542,150578.807726404
COL_319671,52762.76232786188
COL_319675,55788.60320110863
COL_319987,42932.214320322775
COL_319998,34187.5005694811
COL_320000,40255.71412179425
COL_320001,37805.092628690596
COL_320028,36115.2233591403
COL_320128,48617.21700964411
COL_320171,40247.03629630547
COL_320291,43049.21762243911
COL_320376,58828.04100674041
COL_320430,28407.183869515495
COL_320446,36945.67426834537
COL_320452,30225.276600635163
COL_320470,41580.89184905071
COL_320478,43202.657688389
COL_320498,47378.10276394895
COL_320518,39503.80000812628
COL_320693,62014.19160786225
COL_320824,60662.47465830968
COL_320905,33423.828149357694
COL_320942,163355.68612475754
COL_320966,50563.106195287015
COL_321061,51811.35262271713
COL_321088,63851.7549568776
COL_321099,78892.67010196243
COL_321128,195300.1357193669
COL_321407,52638.983105702675
COL_321417,60784.3948395945
COL_321427,54059.68927468263
COL_321474,37281.63516572995
COL_321621,33752.49652759052
COL_321670,43551.71037743755
COL_321677,30666.460362408903
COL_321820,41080.41439015865
COL_322106,60347.852498122505
COL_322266,32072.271687298176
COL_322288,83726.36864137293
COL_322290,72361.45047784859
COL_322311,47179.32315372704
COL_322356,75401.03723779588
COL_322378,29001.820845635124
COL_322380,47503.320949034656
COL_322428,74502.73775270465
COL_322436,50968.69599624411
COL_322462,43149.806262938284
COL_322463,36017.0621295822
COL_322511,56070.81848053486
COL_322568,56613.12337514569
COL_322595,48919.4631201409
COL_322623,42336.657826217044
COL_322624,94676.20670395526
COL_322665,59355.256247208796
COL_322676,83339.93357952421
COL_322749,49049.86545278655
COL_322954,38764.99764486252
COL_323025,82681.00866897841
COL_323034,54280.1356978826
COL_323061,42932.83242007317
COL_323075,23052.44794247143
COL_323078,37928.83175633057
COL_323084,62999.974649779564
COL_323247,56702.9398066307
COL_323258,78205.9743192313
COL_323261,99877.669040335
COL_323330,60771.7640798289
COL_323355,71494.77557347047
COL_323590,38229.76148812139
COL_323647,52608.73421067526
COL_323671,49232.782063535764
COL_323683,307975.4334695509
COL_323882,48529.61295705551
COL_323938,43903.13677192059
COL_324197,209536.79912829687
COL_324268,26604.8369882226
COL_324269,32509.528370138796
COL_324455,106008.26310795816
COL_324459,102520.96647651054
COL_324622,52056.85711500654
COL_324655,38415.14678847446
COL_324779,36507.742643998645
COL_324786,112337.91019756036
COL_324787,109200.3731192836
COL_324926,44506.087210780424
COL_324927,42139.29469832451
COL_324936,33482.153265425535
COL_324940,230858.26630712286
COL_324941,56261.50260472721
COL_325131,98937.94225938259
COL_325182,43900.416823101135
COL_325196,50523.11763605607
COL_325210,45415.54961088581
COL_325348,41819.36676038319
COL_325392,39488.721651162894
COL_325405,63529.736285468265
COL_325545,164376.71639599258
COL_325588,80256.20004216413
COL_325648,83732.78086604082
COL_325649,84693.71660416586
COL_325650,74848.82232176667
COL_325651,69728.42222006666
COL_325652,59964.641186939756
COL_325653,68441.14021903113
COL_325696,80475.45636945889
COL_325699,58804.3238657744
COL_325703,46886.57972023952
COL_325707,69306.4111658354
COL_325847,43181.92749512609
COL_325884,30560.473848477413
COL_325904,51837.74049467353
COL_325905,35541.28788369985
COL_325942,70803.36323931349
COL_325998,111606.90889838681
COL_326043,40690.05336739093
COL_326045,45587.30527166135
COL_326068,50682.56202867447
COL_326108,37730.74578498786
COL_326130,130773.60634213408
COL_326171,40436.79185065921
COL_326268,50329.758286622244
COL_326466,50126.145234652155
COL_326531,38967.080496409966
COL_326680,47319.04211035032
COL_326753,38287.802832408466
COL_326804,42421.05355142444
COL_326997,48458.2495234977
COL_327062,44984.63047138614
COL_327071,30333.575990217116
COL_327138,41000.692787519554
COL_327471,45325.02436043894
COL_327568,34567.08231583989
COL_327627,51133.07979997068
COL_327732,48707.16040724589
COL_328038,113349.96170700213
COL_328039,112034.55690223214
COL_328086,44728.80179163485
COL_328127,61734.677105194256
COL_328128,44970.18132492048
COL_328240,48099.78341888021
COL_328284,48879.78042712235
COL_328358,34925.33644654769
COL_328408,48893.360638881204
COL_328598,42503.985832752434
COL_328785,28024.535108276195
COL_328832,71901.6056177422
COL_328912,58051.12921039268
COL_328916,48904.531546298385
COL_328952,49350.34696796669
COL_328998,39515.72921579922
COL_329153,54230.265898406375
COL_329196,55447.42124185145
COL_329239,87181.2435764511
COL_329262,78475.10961696004
COL_329356,43707.91652909929
COL_329509,95096.2668428087
COL_329554,43559.51830385991
COL_329557,43668.648519305774
COL_329663,35592.21634701898
COL_329708,55176.83324226835
COL_329757,28304.21494911317
COL_329828,53685.64687974725
COL_329829,43081.365371197215
COL_329857,38745.654786213345
COL_330022,44392.01224356183
COL_330075,38680.84706053875
COL_330085,43399.177238233504
COL_330199,70743.18571520397
COL_330234,55439.7367244063
COL_330254,66020.36521093002
COL_330260,68079.05732525984
COL_330277,49980.018191184274
COL_330324,37447.94291363434
COL_330335,24315.857202508876
COL_330474,72286.88708744073
COL_330477,42112.009395827336
COL_330553,108554.61082255622
COL_330624,48356.40350933645
COL_330666,52260.301932918
COL_331046,80374.82987801486
COL_331047,50586.157496617336
COL_331049,47241.48550801615
COL_331062,154828.16771241892
COL_331205,142083.85572052517
COL_331263,49598.11592344147
COL_331270,44499.47822619833
COL_331278,62152.99753575085
COL_331289,29269.886849861286
COL_331365,43625.71927518072
COL_331412,70263.21095137906
COL_331441,49670.18856939374
COL_331442,48764.210974256726
COL_331466,27040.65208303694
COL_331559,38820.776757824984
COL_331572,46419.59332173779
COL_331601,50054.79104841262
COL_331762,31891.94418356897
COL_332006,30399.508710273105
COL_332433,53335.246042210885
COL_332669,40286.88901783175
COL_332717,33999.39709702976
COL_332726,54137.69983390178
COL_332856,28452.028919354645
COL_332908,161944.52506059525
COL_332909,143768.50997366407
COL_332910,145179.97016459893
COL_332939,46101.105993154466
COL_333190,159616.9252993132
COL_333309,49523.06394296835
COL_333329,40018.899976063
COL_333350,47190.494065996645
COL_333390,40537.26668633206
COL_333472,53136.13047476085
COL_333473,109780.1406260653
COL_333518,46689.190826892256
COL_333530,83698.3570465072
COL_333545,108995.40115694932
COL_333556,40897.85210712313
COL_333576,37354.36638777083
COL_333736,27184.794452724796
COL_333788,41223.88298156253
COL_333866,37618.2392776216
COL_333867,25405.819885856297
COL_333928,64351.38172776121
COL_333957,50263.992051274916
COL_334037,60798.68645830784
COL_334047,55631.10032378009
COL_334091,90515.1900278024
COL_334183,48486.12907492576
COL_334229,58626.857319416704
COL_334288,168985.2451484872
COL_334468,38281.6589778827
COL_334548,38212.72074387128
COL_334639,38636.17340032485
COL_334741,39247.47794525648
COL_334989,54841.07705504087
COL_335047,60853.897903455174
COL_335092,53329.126410257304
COL_335505,50366.745300515984
COL_335523,40396.07210714723
COL_335574,76607.33607188895
COL_335589,57205.26421174642
COL_335708,49702.67002257491
COL_335714,79875.55396138046
COL_335836,50156.92211413428
COL_336093,47417.606618508464
COL_336095,35353.66465820605
COL_336259,51422.896995819865
COL_336264,40827.70421852049
COL_336267,45825.345691750816
COL_336462,180383.0487472255
COL_336493,53160.37614303454
COL_336495,50087.52050206913
COL_336499,52045.50124881853
COL_336531,36886.55866846168
COL_336685,30275.006132760413
COL_336736,92827.06624238587
COL_336855,46798.55376057999
COL_336874,41299.713084263654
COL_336932,29338.146363965458
COL_336963,164352.94460670595
COL_336967,36310.48731776267
COL_337195,66475.96302094977
COL_337254,92601.26957292775
COL_337273,46349.796860690396
COL_337309,46299.95940165512
COL_337318,42571.20190395162
COL_337346,31983.26457142348
COL_337386,46688.148602280155
COL_337590,38287.319828108615
COL_337593,35383.59530782795
COL_337666,44262.10299200737
COL_337681,40384.957224847625
COL_337895,31703.573549587756
COL_337901,91510.8941795383
COL_337971,48429.399364906065
COL_338002,45988.58932547221
COL_338038,49566.134363770936
COL_338039,48799.16393828475
COL_338276,39001.77750851338
COL_338279,36955.31959897144
COL_338421,31640.150283588897
COL_338506,49271.9168604988
COL_338557,54034.25932300131
COL_338558,51280.605901906616
COL_338559,53002.45433784854
COL_338560,50072.09718615668
COL_338561,50330.73952437224
COL_338562,62203.55655485009
COL_338607,53070.183163940936
COL_338609,56230.33927276334
COL_338673,44442.26131743909
COL_338850,35423.97773690846
COL_338864,44992.8816438495
COL_338944,41896.60405347193
COL_339089,100309.68040923824
COL_339113,35463.24407275911
COL_339428,39536.52603627771
COL_339440,38351.84182918072
COL_339645,33237.79693255157
COL_339657,43339.05527730478
COL_339727,52313.29248703991
COL_339728,53258.06560861727
COL_339729,70099.6923485733
COL_339772,70346.4379840739
COL_339793,48154.547677742616
COL_339822,31816.32440954822
COL_339866,55492.97451234941
COL_339878,91967.43721103227
COL_339889,39286.88741360791
COL_339893,37527.025936540886
COL_339912,72897.47200238863
COL_339987,33462.78738115679
COL_339993,83644.06745333143
COL_340011,83441.17409475191
COL_340117,39093.27115799413
COL_340369,45734.40611885055
COL_340447,77468.89587909859
COL_340462,47680.64841589825
COL_340506,28267.81145041376
COL_340519,51332.71770635295
COL_340520,48022.97469688835
COL_340521,42156.422038731645
COL_340655,205507.08708273276
COL_340657,45730.38375654914
COL_340794,135610.42188204327
COL_340796,51461.40815409606
COL_340898,112956.66182578276
COL_340975,50909.70320729458
COL_340994,97409.13144451694
COL_340995,70994.62260126205
COL_341014,42633.45429126823
COL_341069,150638.74518039476
COL_341070,39619.52642287284
COL_341184,51264.31860804891
COL_341212,43973.339562326546
COL_341220,45517.13686139567
COL_341237,47296.39620748195
COL_341310,46696.73257976758
COL_341351,39445.89510896364
COL_341414,76418.58940692867
COL_341465,42008.50283550785
COL_341487,31657.355068075125
COL_341496,29097.00117362808
COL_341683,43897.41737796477
COL_341692,30475.56759726823
COL_341722,69146.42919246004
COL_341744,44995.23700324494
COL_341762,49281.90695408081
COL_341805,36801.321082282266
COL_341889,42689.32328358857
COL_341936,37247.82367445047
COL_342040,66735.4610186136
COL_342111,55276.46354179677
COL_342208,53934.39454763814
COL_342209,42631.72025295457
COL_342211,46694.7973250176
COL_342212,38479.27944045977
COL_342258,56646.55944514129
COL_342326,53958.276454988365
COL_342405,64192.374636914436
COL_342407,42658.447572774734
COL_342425,51692.94812194397
COL_342426,51436.59888956151
COL_342438,61910.85397754202
COL_342505,54877.70430294895
COL_342623,36706.30945565119
COL_342714,58672.8865665754
COL_342734,29390.72706046926
COL_342947,58809.5866129488
COL_342948,36515.76231021971
COL_343030,46701.03013086435
COL_343036,75477.33211565836
COL_343039,37729.319192037765
COL_343047,53580.266036659705
COL_343070,35182.188951626085
COL_343169,131192.59463476145
COL_343269,33754.86230178615
COL_343324,47044.11574150599
COL_343430,31083.027184999024
COL_343527,30494.656925751962
COL_343636,42177.01743335153
COL_343649,44488.391883135155
COL_343852,43446.68788762248
COL_343866,105543.47540016088
COL_343993,70479.60245761415
COL_344179,43830.4142812722
COL_344278,47633.547807984956
COL_344298,30814.84937974942
COL_344312,53630.664814432945
COL_344350,45734.04321071078
COL_344578,43807.42991839552
COL_344772,38057.57344270895
COL_344807,49139.352832905985
COL_344844,41327.05028176206
COL_344845,41893.1662188096
COL_344887,43504.97082187875
COL_344960,45555.877378449855
COL_344969,180869.43365983944
COL_345017,40376.32936978171
COL_345055,41869.74650902889
COL_345062,103722.41875674034
COL_345102,71841.68379700849
COL_345117,104197.33650336416
COL_345119,94714.72967795884
COL_345171,43695.60711732372
COL_345187,82648.24491242498
COL_345195,242955.56006936953
COL_345287,41816.621160415176
COL_345351,75278.26973979475
COL_345558,42813.62017874457
COL_345594,41414.14768932054
COL_345718,54108.559143048595
COL_345723,43475.28335481207
COL_345736,46016.54653012346
COL_345839,45284.60015880371
COL_345884,35808.21958752165
COL_345971,27572.79859199065
COL_345996,52664.447083081024
COL_346013,205340.36231686472
COL_346015,206695.1775737065
COL_346208,55407.66477224527
COL_346276,42126.28819850374
COL_346296,45208.06647415731
COL_346516,41366.066360792145
COL_346518,42489.23248349984
COL_346522,98369.00357532379
COL_346623,91814.16106233481
COL_346677,142466.26767809817
COL_346698,40003.95082660493
COL_346776,62341.192242097975
COL_346813,46032.1575792512
COL_346829,41699.70489632584
COL_346974,55186.44236099176
COL_346975,54970.56581544824
COL_347000,46179.39923445588
COL_347011,92434.01290153855
COL_347186,49762.263314685355
COL_347284,38795.25993289347
COL_347293,33394.75315377899
COL_347332,37285.75847447379
COL_347353,44344.0754458141
COL_347436,43719.26087422348
COL_347488,40587.85583847089
COL_347618,45039.697399024044
COL_347620,38679.22987457487
COL_347621,52814.045485228264
COL_347634,51394.25661934641
COL_347686,38091.01564755926
COL_347694,38550.69296699136
COL_347737,101015.0053687554
COL_347777,52534.87332946379
COL_347852,42579.04154591929
COL_347970,35164.04324260867
COL_348009,37814.72575630433
COL_348076,81768.73869255386
COL_348077,73484.45561920074
COL_348272,66369.85840192415
COL_348274,46908.25117143693
COL_348275,43900.32457197326
COL_348278,39097.94627722362
COL_348281,48654.376279015836
COL_348383,76868.45091046618
COL_348436,42919.86247013887
COL_348447,32606.28118332523
COL_348483,39408.030084134276
COL_348681,46915.90283830538
COL_348731,36596.2031165022
COL_348733,45370.504915891535
COL_348757,54168.61329536832
COL_348893,36132.156912128376
COL_349002,176885.0847316124
COL_349029,65412.25215445511
COL_349110,33576.45785193282
COL_349213,40245.43804905337
COL_349214,39937.35672511441
COL_349215,28601.156036838507
COL_349216,35137.55711787184
COL_349601,33422.082754251
COL_349602,37171.86337422339
COL_349643,33160.916743707494
COL_349719,63042.59453026725
COL_349774,31533.125584753816
COL_349777,35947.01017472601
COL_350115,45125.745823429796
COL_350169,36924.48207467163
COL_350175,120822.24807300755
COL_350245,43686.37141896852
COL_350246,44922.8794499757
COL_350338,47006.90812078487
COL_350353,35840.238391221814
COL_350357,49199.30058895939
COL_350456,35421.25504759737
COL_350457,31028.49674270852
COL_350458,43752.85005877787
COL_350459,38881.80463667638
COL_350476,42341.38887586086
COL_350497,355187.1883040692
COL_350564,378564.1190609074
COL_350594,61772.55209578041
COL_350743,42950.74810828892
COL_350761,78743.66735742455
COL_350762,79315.66940906266
COL_350764,66777.54124423876
COL_350784,47213.366825364006
COL_350851,54739.47572731615
COL_351049,36633.17341979853
COL_351088,337822.2634472835
COL_351213,49253.23667997647
COL_351274,46115.249824773746
COL_351380,29837.595924153444
COL_351688,43638.53965740914
COL_351715,37953.493485577535
COL_351762,49601.01397592889
COL_351901,46977.410909569415
COL_352368,165746.30786241931
COL_352392,42202.34181036958
COL_352397,56712.924305182176
COL_352422,142255.4531163949
COL_352637,35132.90585950145
COL_352991,54314.11793577658
COL_353024,84405.2276564144
COL_353028,42756.16619107749
COL_353059,36651.085620268634
COL_353225,64511.814026206746
COL_353243,30548.477228868287
COL_353323,32424.871766127686
COL_353376,32550.897356922185
COL_353452,52850.465997096515
COL_353740,38662.65911967041
COL_353741,38018.79359863624
COL_353798,43517.50850403199
COL_353848,46278.314883394174
COL_353860,43788.83744815367
COL_354005,61814.606420467215
COL_354013,51300.85424182453
COL_354017,33663.80129463846
COL_354058,90387.64856235123
COL_354370,56234.5490506387
COL_354379,50647.93476654612
COL_354384,31251.86190828859
COL_354401,37647.27895811061
COL_354414,60779.38800955752
COL_354422,52636.41352143146
COL_354535,41958.88466436518
COL_354630,52841.89975017679
COL_354696,47026.93150039086
COL_354775,50959.47552346535
COL_354795,31462.771603186502
COL_355174,44682.45733978462
COL_355178,33169.86412332734
COL_355241,64577.69606505266
COL_355242,55082.09992257467
COL_355332,45363.00982623786
COL_355356,47982.37136235794
COL_355412,87124.97662802634
COL_355457,31678.9355990858
COL_355532,43636.77866532107
COL_355579,123015.3904919984
COL_355627,47445.454847507746
COL_355640,107751.68316769884
COL_355642,45453.6256408257
COL_355643,36210.90545059523
COL_355644,51183.49111623972
COL_355702,79101.9212953155
COL_355851,26334.185084837434
COL_355942,44441.98883729086
COL_355991,50603.218155407776
COL_356015,35989.769639786195
COL_356199,92037.1401628043
COL_356201,65843.18782232825
COL_356441,283795.80319460714
COL_356469,31551.72225279029
COL_356497,54568.124398066044
COL_356528,80371.17956990346
COL_356531,40948.01583034961
COL_356616,39130.08335066763
COL_356638,45744.86274132701
COL_356826,80104.6073050009
COL_356832,54508.61710138224
COL_356954,39942.87878923429
COL_356964,17398.243354839327
COL_356974,27919.047773642676
COL_356984,19869.276758253793
COL_356999,31236.245742794054
COL_357040,70525.05921470337
COL_357043,43219.05276233166
COL_357044,32998.64377775527
COL_357159,56673.11756166703
COL_357177,71521.85147900654
COL_357179,74169.3083286035
COL_357180,81900.74745056735
COL_357214,40406.4524280267
COL_357243,52073.400621730274
COL_357294,248929.2891879328
COL_357296,60383.55886414046
COL_357328,29556.73963735114
COL_357329,26968.906609146445
COL_357331,27301.06922186354
COL_357591,40379.12479345607
COL_357674,50366.30297380618
COL_357819,56352.28208566755
COL_357939,55442.464816086154
COL_357974,47135.92889307755
COL_358084,38798.21977059415
COL_358132,39778.727917374956
COL_358232,30281.186473147587
COL_358276,47058.762564749166
COL_358345,78960.28096317733
COL_358346,90583.07457846016
COL_358399,192426.50491831006
COL_358409,50722.46471676476
COL_358650,48547.497158460654
COL_358680,51927.70418011556
COL_358681,47243.448995671795
COL_358684,33174.409496518434
COL_358785,37049.005731828605
COL_358809,50019.623617757105
COL_358838,39615.615973276676
COL_358860,42693.96070271387
COL_358903,22921.373572988574
COL_358918,48633.19169433639
COL_358919,46383.04614225485
COL_359017,121493.7753698745
COL_359184,80320.29606657464
COL_359231,37983.205590935555
COL_359287,85508.36280884544
COL_359445,31383.907330179063
COL_359491,48778.60999137138
COL_359659,52997.848272549374
COL_359709,25951.352274248802
COL_359737,66114.48942768923
COL_359790,52729.266871726046
COL_359919,42508.084653903825
COL_359952,36151.588329838276
COL_359998,40384.24780734866
COL_360122,60231.06025307105
COL_360130,50062.121306932575
COL_360208,40217.93814664249
COL_360271,36655.05213589805
COL_360276,43818.607571345565
COL_360277,60895.200165297516
COL_360356,38529.84515822598
COL_360445,59427.95959166234
COL_360564,36514.87893132936
COL_360668,36990.10730039802
COL_360703,49960.96639110567
COL_360822,45487.80313304602
COL_361154,53979.787499603946
COL_361255,126517.14514451133
COL_361394,42957.75309442159
COL_361459,46557.082077223975
COL_361605,56741.92919423995
COL_361689,47510.07572945403
COL_361827,41980.665750866254
COL_361842,58082.34646146019
COL_361905,121188.57788422711
COL_361973,219515.51542608734
COL_362013,135852.9238232858
COL_362046,32315.21221852271
COL_362150,46323.56294063704
COL_362151,41046.39392128215
COL_362152,42029.45460773335
COL_362153,30975.145079019247
COL_362154,32743.553860842065
COL_362229,42985.804048792466
COL_362246,126691.38842633
COL_362248,190265.88835882794
COL_362262,33536.62139696072
COL_362294,228485.75093649665
COL_362348,41447.015928239
COL_362497,58795.381040666616
COL_362498,57440.693692476045
COL_362499,48572.0859001112
COL_362500,49524.804454713856
COL_362501,50787.779382321394
COL_362502,45320.86648015136
COL_362503,40974.931564922736
COL_362504,56173.92385970398
COL_362505,44384.68695625799
COL_362506,62166.712614791766
COL_362507,46866.38437838773
COL_362508,55414.910315598485
COL_362583,47320.70953125098
COL_362707,41193.36737111334
COL_362717,36728.53133064156
COL_362999,34683.723809184616
COL_363073,41922.408344627685
COL_363180,39785.193898968275
COL_363332,23505.9458339496
COL_363375,37409.59033060589
COL_363376,50586.32893299391
COL_363408,47241.70149027527
COL_363479,45484.00365470306
COL_363480,61995.25308194759
COL_363826,48973.13357084655
COL_363911,40564.68331350594
COL_364047,56206.839020959516
COL_364051,39940.30550347158
COL_364053,59724.24199546327
COL_364201,33828.56714008012
COL_364302,44149.64557226469
COL_364411,49103.056574204056
COL_364507,51717.03046344461
COL_364716,75252.02047625312
COL_364810,37827.72389285355
COL_364830,81567.94650823624
COL_364885,31209.058626039703
COL_364889,30073.71512412566
COL_364994,54132.322645484826
COL_365066,40371.13229848232
COL_365439,47995.83329969675
COL_365528,40204.408444626424
COL_365550,48765.87099813051
COL_365615,195897.1115351857
COL_365632,135386.33206842752
COL_365671,22540.20078433718
COL_365899,49950.78056460045
COL_365987,43424.141598488124
COL_366038,86837.39960089223
COL_366048,35267.96565606974
COL_366184,42756.2485357563
COL_366254,222397.3224453549
COL_366349,31542.026840507686
COL_366512,36669.44875067333
COL_366696,45955.666617430354
COL_366865,49771.5686356385
COL_367190,40852.605054880834
COL_367202,77367.52223702427
COL_367213,37410.44139631456
COL_367229,42170.794879171786
COL_367256,59371.056513186166
COL_367288,52613.07235920973
COL_367318,54145.64707268242
COL_367362,37659.52221833157
COL_367381,39419.37388103613
COL_367407,78148.31722442644
COL_367515,37478.05490633994
COL_367614,39538.771420886726
COL_367646,26026.668637027175
COL_367648,45522.22662979994
COL_367807,53357.12516374878
COL_367808,52245.52369923402
COL_367889,49073.00235637148
COL_367998,43009.39206015772
COL_368007,126751.51731014217
COL_368014,43709.69891953496
COL_368023,44114.33747006418
COL_368040,41305.30867590299
COL_368045,85008.04761169279
COL_368104,60078.645760276
COL_368389,56994.74508210782
COL_368391,44493.220390963244
COL_368397,50473.78702743458
COL_368411,33288.58022595766
COL_368415,72734.9200056378
COL_368444,78184.31326204809
COL_368452,70530.41379172874
COL_368453,50909.16280514213
COL_368606,51959.995268715524
COL_368697,48641.3628706006
COL_368754,47390.358620816485
COL_368783,28347.742554626682
COL_368824,36610.79825348961
COL_368829,46686.90095993013
COL_369107,44456.31194914467
COL_369112,53789.568118489566
COL_369173,69626.14998771196
COL_369210,35033.2235356445
COL_369256,60310.17139701321
COL_369278,37466.054745622925
COL_369313,41526.78595474531
COL_369325,56333.1884291156
COL_369342,79262.48530745687
COL_369376,46876.86156624699
COL_369391,66571.30225541309
COL_369476,47086.543943523655
COL_369546,32885.24576053996
COL_369589,45256.07228806518
COL_369645,42517.862400610604
COL_369668,45598.95705290859
COL_369718,44395.05459862164
COL_369721,82446.19697120067
COL_369751,54612.97224119146
COL_369882,57253.28329562518
COL_369926,36756.260049039985
COL_370048,45532.925637942164
COL_370103,53540.969217428225
COL_370147,46471.35209896851
COL_370197,131278.7017679474
COL_370225,47762.10406434772
COL_370443,49468.03732132747
COL_370450,36973.074470814834
COL_370459,204339.27561942724
COL_370464,55748.60717073346
COL_370662,72769.90079994407
COL_370698,43811.51517657326
COL_370735,56347.75571987854
COL_370805,50343.4719705835
COL_370808,31168.264488092176
COL_370830,45270.92848108579
COL_370924,32601.75662241841
COL_371007,37660.12794967818
COL_371017,40332.25075127489
COL_371052,48703.42464881874
COL_371053,75312.55134412539
COL_371091,34094.03986987064
COL_371132,37166.93902459377
COL_371154,45816.44693131135
COL_371167,40132.48436713318
COL_371424,42894.0343954223
COL_371437,34212.58407135974
COL_371438,25870.304079976013
COL_371439,25790.472690207742
COL_371519,60742.69282075118
COL_371520,68715.61618791625
COL_371524,58788.05240252066
COL_371544,73521.21423929954
COL_371597,246455.74025616783
COL_371613,81895.417194663
COL_371651,140191.11316613507
COL_371663,104774.7176721754
COL_371669,138237.3362075868
COL_371678,84757.37499336025
COL_371685,37130.60059020474
COL_371692,50805.00621513888
COL_371738,33166.755825748485
COL_371773,95961.43994988762
COL_371787,79068.55722234228
COL_372293,65654.33317018971
COL_372323,41118.75534414382
COL_372367,44086.62384617777
COL_372424,51378.161188424434
COL_372425,59524.572958172685
COL_372443,200164.30247797476
COL_372456,51696.13556145672
COL_372498,49778.06863718108
COL_372559,38538.1446504581
COL_372561,38448.584642829934
COL_372592,65167.134844069806
COL_372593,55822.23662894982
COL_372603,149112.45774374154
COL_372619,58287.60944945265
COL_372713,63919.56428325561
COL_372777,41424.56112612081
COL_372803,52017.40378547345
COL_372841,108990.98619502953
COL_372873,42699.992890800044
COL_372875,59935.350797278305
COL_372902,77477.12328178514
COL_372920,45158.52772015167
COL_372930,335987.4573716742
COL_372932,129688.91795893655
COL_372945,131674.08420397062
COL_372969,52031.6952534958
COL_373027,34910.52763186939
COL_373071,47155.8380146954
COL_373075,42168.841813827086
COL_373101,50886.05791710729
COL_373105,49870.06603797379
COL_373106,48000.197222272276
COL_373107,44901.712946502834
COL_373108,45656.43749541593
COL_373180,38614.05537487742
COL_373195,150644.2327900679
COL_373197,134995.35357792224
COL_373289,78246.44861060292
COL_373291,42715.51963726355
COL_373414,49613.61118234208
COL_373415,76295.33117132651
COL_373441,104442.3402941734
COL_373467,40265.14756563945
COL_373522,49638.04960013061
COL_373627,46402.57252298069
COL_373675,213565.3263861061
COL_373917,65480.918847246096
COL_373938,183378.83691987224
COL_374058,31137.49334670055
COL_374154,153282.2153011715
COL_374182,59858.22674293643
COL_374183,94814.76196293869
COL_374232,43749.707921746856
COL_374272,45493.91727685653
COL_374299,44009.393003918805
COL_374416,35447.37540142211
COL_374494,56231.0243560066
COL_374515,56521.45797627263
COL_374570,96572.45400195857
COL_374858,25756.044736177046
COL_374867,28904.923146996247
COL_374899,51858.806074300264
COL_374955,55552.75409559719
COL_374975,56580.01416851366
COL_374997,36371.14381378531
COL_375026,42735.632896934505
COL_375033,42051.010070622004
COL_375103,40171.25911116046
COL_375118,45449.06934768618
COL_375119,48655.72649534341
COL_375120,41137.33046404141
COL_375121,41321.3221113594
COL_375183,43181.99211654998
COL_375452,74987.29943573842
COL_375463,88069.27932418004
COL_375672,40307.54163588455
COL_375673,33297.16650241734
COL_375716,157891.7872366567
COL_375781,39567.34529371333
COL_375859,30300.29614461167
COL_375888,48195.38341076416
COL_375893,145976.9150418437
COL_375899,41441.04392348207
COL_376021,43739.28969502093
COL_376102,180904.03237962507
COL_376206,40363.793341958204
COL_376211,46570.89958532366
COL_376366,126324.53773935023
COL_376367,130899.21968792513
COL_376368,152348.4079483961
COL_376405,67742.52011633627
COL_376443,247922.97060158564
COL_376475,40937.615577798344
COL_376477,35299.03603021753
COL_376499,205363.947485952
COL_376500,188105.6427903723
COL_376524,47323.48920897646
COL_376613,40715.65502342215
COL_376661,43830.52789955045
COL_376674,69159.50772729042
COL_376690,25514.362922017084
COL_376712,63706.855469133625
COL_376778,40760.29655092682
COL_376800,27483.527865990356
COL_376801,29336.41890211637
COL_377066,39278.692345163836
COL_377074,40191.28356300379
COL_377093,60383.52946403213
COL_377113,41073.73273215879
COL_377118,43287.80682297678
COL_377131,48722.86087763141
COL_377356,23170.29320246757
COL_377543,52048.286429286294
COL_377546,43924.19901665604
COL_377548,46117.22922479214
COL_377689,183551.73592142193
COL_377713,84162.06797220309
COL_377714,80386.37606550619
COL_377715,52170.69556071364
COL_377731,38808.73679251908
COL_377732,213275.04401028308
COL_377910,43346.49171892615
COL_377931,56855.54448794513
COL_377977,36050.62453812184
COL_378088,47919.32305098086
COL_378144,47474.60278235952
COL_378155,32856.2249694953
COL_378170,68600.84760756564
COL_378178,54602.02374815975
COL_378194,50841.6192973964
COL_378195,75839.18272601283
COL_378227,42289.858688979984
COL_378236,59771.85851048792
COL_378342,81122.71207468493
COL_378364,52097.547259445826
COL_378406,44241.156393793906
COL_378444,55367.83355246671
COL_378460,38020.82320244517
COL_378506,54021.943954037466
COL_378544,32112.820717169478
COL_378740,46662.546367774055
COL_378743,34297.50340291909
COL_378846,50322.20130519562
COL_378872,39970.58092972135
COL_378873,239276.3634462016
COL_378880,50215.05365234212
COL_378885,45296.35194069464
COL_378904,48220.224341018074
COL_378971,47352.60118386889
COL_378972,65444.441959892414
COL_379131,45025.886535844365
COL_379199,38861.28374821583
COL_379283,45496.88921047149
COL_379294,44990.09486041618
COL_379338,51812.4835436701
COL_379341,119712.60477921546
COL_379374,208168.08997497315
COL_379401,44112.87672102159
COL_379549,30826.15598315081
COL_379551,37388.13303664469
COL_379552,37229.2570567903
COL_379553,37238.98394052394
COL_379554,37838.80014751288
COL_379555,31936.147497533693
COL_379572,96813.52371097704
COL_379670,32779.33999643877
COL_379673,38926.15087988152
COL_379680,99262.15191892392
COL_379744,43227.13636078944
COL_379766,35954.65908728939
COL_379823,46447.805752644854
COL_379827,38890.10732224676
COL_379833,48329.18802217175
COL_379915,28592.850452594666
COL_380084,46293.67774244858
COL_380212,47032.73174228048
COL_380276,83017.02557691005
COL_380379,45195.304377291584
COL_380404,47272.26724690331
COL_380433,44340.32952873012
COL_380581,44845.84227026764
COL_380583,43958.91982642494
COL_380584,55098.40785002037
COL_380676,91510.8941795383
COL_380727,141336.87116861125
COL_380729,27508.893705859366
COL_380779,46651.48729873692
COL_380849,45049.03106615651
COL_380889,34211.338334076536
COL_380920,31730.332346390867
COL_380981,33481.263754166415
COL_381005,64343.37343311948
COL_381044,43770.401681358126
COL_381093,28380.911948757424
COL_381129,52485.93174747822
COL_381130,80761.91110349624
COL_381131,71982.90323843042
COL_381133,78041.10711792856
COL_381134,63318.66998178291
COL_381135,74366.68157618203
COL_381189,49473.49843316984
COL_381190,60636.98917102903
COL_381202,25302.742326506843
COL_381203,32089.20917623846
COL_381204,30590.286588157003
COL_381231,34776.7078557851
COL_381295,28734.104468115536
COL_381296,30438.720758882475
COL_381371,38862.23640473288
COL_381445,50437.27728455495
COL_381470,46451.55465402186
COL_381567,64430.2456852252
COL_381672,48266.62846442574
COL_381741,40800.407081072386
COL_381885,62116.037752178636
COL_381909,46594.04441043204
COL_382242,49441.39097000569
COL_382342,74829.09895900666
COL_382345,61644.42465040817
COL_382539,48875.539990464174
COL_382709,43486.817446015375
COL_382788,40718.464812722785
COL_382792,98088.7887422042
COL_382995,50281.73797044311
COL_383020,51489.41913482662
COL_383043,45021.947522575305
COL_383046,40369.02432258357
COL_383264,245319.7171619798
COL_383272,54071.81853269198
COL_383299,43040.71609030733
COL_383308,42411.14675795953
COL_383393,60244.63585789818
COL_383454,74948.01514914675
COL_383480,47730.2644302787
COL_383482,42193.788709582914
COL_383558,82930.35366282909
COL_383684,78617.5462512969
COL_383726,33014.837729874766
COL_383773,49007.15250078842
COL_383810,92112.42927682387
COL_383855,47216.95585970921
COL_383866,50188.75452607095
COL_383966,46604.243253066015
COL_383981,37288.90285836027
COL_384006,47221.707884168216
COL_384016,46139.37467912582
COL_384022,42272.43821761185
COL_384106,86558.79096434427
COL_384116,277557.138939167
COL_384222,238017.0832686499
COL_384231,46132.3323883339
COL_384295,60766.283604037715
COL_384325,49500.47692955917
COL_384362,40834.52054067821
COL_384398,43814.58404831873
COL_384499,52085.44110301581
COL_384636,85760.83217770328
COL_384650,34198.68517834396
COL_384670,57581.6357952965
COL_384718,46543.87010651927
COL_384720,170079.67680115002
COL_384721,157294.77368477848
COL_384722,161007.25447571365
COL_384723,161837.49633444878
COL_384724,174614.4291015949
COL_384725,159838.9533910473
COL_384726,171139.9715055607
COL_384727,155995.56598980207
COL_384730,29856.296851149396
COL_384743,41563.01054525021
COL_384801,56713.078111697294
COL_384841,78655.53833591702
COL_384884,59900.793204391885
COL_384916,36358.70908390051
COL_385075,39715.48255116838
COL_385133,60855.245734958095
COL_385148,82307.11907163924
COL_385149,82444.9729032069
COL_385150,62884.380719970126
COL_385159,54010.04129180044
COL_385204,98715.79181253676
COL_385211,27557.979810155513
COL_385220,73079.0159437733
COL_385264,54281.73631111041
COL_385312,39763.71319050681
COL_385327,48323.1469128965
COL_385345,44613.094874876304
COL_385371,52807.15901022639
COL_385388,34453.71158054747
COL_385489,29556.61485731632
COL_385511,43622.940142164734
COL_385541,162660.60673604297
COL_385575,93358.82418642938
COL_385576,76462.65588247501
COL_385683,42181.46787039562
COL_385739,36329.61116505045
COL_385814,43110.12172352919
COL_385828,153916.7948688649
COL_385939,34742.71583469357
COL_386160,87177.32946120737
COL_386195,91412.63073976735
COL_386279,46295.1338428587
COL_386331,41352.63334605749
COL_386767,39538.709808470325
COL_386784,72416.170669829
COL_386857,39433.74022920799
COL_386871,70183.1909369653
COL_386878,73257.94371535155
COL_386926,54952.61251181232
COL_386954,42362.85002083458
COL_387107,51436.29990463938
COL_387125,33222.78863542466
COL_387135,95647.18502849176
COL_387155,51423.995674080776
COL_387163,42990.72446614797
COL_387211,45419.70887896254
COL_387222,42438.248214164705
COL_387276,30435.075701672675
COL_387277,50652.59082906452
COL_387280,51977.40796909291
COL_387304,43279.30165846385
COL_387357,41336.198722332745
COL_387381,48715.882057090486
COL_387425,87558.17931225277
COL_387426,94006.66305807252
COL_387452,146977.89665923116
COL_387541,146230.1707880427
COL_387600,32955.98680237139
COL_387837,40962.2884978465
COL_387921,38674.29459988942
COL_387922,160222.95962893887
COL_387925,47740.14976791432
COL_387934,48977.63080747112
COL_387935,45744.08688941335
COL_387937,51122.73019296551
COL_387947,27919.047773642676
COL_387952,45005.38014497667
COL_388150,58163.92713977487
COL_388157,36016.247123975176
COL_388176,171094.02685969378
COL_388178,46519.76935732462
COL_388246,55293.530348974826
COL_388315,49515.95417103197
COL_388325,38707.30621356873
COL_388360,55592.453259429734
COL_388403,65626.07509693468
COL_388416,55833.23006940686
COL_388433,49320.715015925525
COL_388447,52764.07628424869
COL_388465,34337.9784761382
COL_388500,51151.64955109468
COL_388505,70479.60245761415
COL_388507,34492.39371562329
COL_388578,61884.653525291724
COL_388589,59806.063085027294
COL_388651,39958.28000688964
COL_388675,30749.814919180633
COL_388732,46362.77069590992
COL_388790,42590.523985401436
COL_388863,41507.54685397981
COL_388911,42509.30760738726
COL_388927,47297.103345982076
COL_388962,49994.06748110072
COL_388964,73461.57956204779
COL_389021,218341.74304023464
COL_389080,53644.578562393865
COL_389139,94341.74159622678
COL_389140,89918.97315890482
COL_389175,39364.82617160201
COL_389176,46345.676887272726
COL_389230,58304.44811644799
COL_389264,80258.75968916802
COL_389373,71167.81051774946
COL_389408,165786.64150841234
COL_389425,51795.16877413704
COL_389438,53857.18194176603
COL_389459,56379.9559698145
COL_389488,30658.7175887444
COL_389576,61298.61831154057
COL_389663,41587.19721088807
COL_389787,69650.22477725575
COL_389803,59039.98694071542
COL_389884,62424.22168961125
COL_389891,42300.085261504406
COL_389905,203044.45300611388
COL_390149,55829.87647836099
COL_390150,47195.59756107771
COL_390151,42308.54886584057
COL_390152,59881.7476780407
COL_390176,39057.50121857618
COL_390177,51007.673284593875
COL_390178,35802.89809499354
COL_390179,40960.98323058083
COL_390180,40418.06694415957
COL_390181,40753.94900825152
COL_390237,40325.441929576555
COL_390259,50932.03377588632
COL_390270,61448.13885120553
COL_390312,57303.64010299076
COL_390313,58303.07251851161
COL_390320,86841.1278413306
COL_390321,82218.87731348343
COL_390322,87483.9252164447
COL_390390,46700.38042478622
COL_390394,44081.772344436606
COL_390447,37574.59861903613
COL_390474,42669.74730545624
COL_390485,53294.00775594042
COL_390656,49001.478763955354
COL_390675,49755.507012310074
COL_390720,48252.96447904527
COL_390759,46630.1661947303
COL_390760,48784.866283384086
COL_390761,165774.2401411498
COL_391004,55865.48750903561
COL_391012,39847.9567758166
COL_391064,170997.65534135798
COL_391101,39890.636335293
COL_391115,42809.920872316456
COL_391171,38275.14103127644
COL_391285,64492.005202795
COL_391330,48724.66513896622
COL_391418,46977.410909569415
COL_391464,43055.068191724116
COL_391466,34067.24996972926
COL_391556,38184.78050938076
COL_391648,23754.097049785767
COL_391650,47124.83149076188
COL_391754,35780.83605263216
COL_392218,72468.74638378728
COL_392243,57602.563200762095
COL_392279,25601.996687468516
COL_392303,43024.64374553243
COL_392497,47412.54038039948
COL_392554,43538.723357622745
COL_392663,34526.72212286268
COL_392737,32997.5695883368
COL_392878,35792.14262590055
COL_392908,41255.12733871093
COL_393015,66427.55688203646
COL_393045,45099.095800616706
COL_393092,57937.49295767259
COL_393145,42404.01812153323
COL_393278,52697.73445415289
COL_393287,29903.34402579494
COL_393363,51016.32370147125
COL_393454,70026.60193618652
COL_393463,32937.25049714512
COL_393493,59315.64180952145
COL_393543,142397.2204418566
COL_393581,43370.56206179047
COL_393625,45960.79688571559
COL_393647,43322.82063330502
COL_393648,52154.82597303856
COL_393761,43114.622583959776
COL_393770,137038.22193369677
COL_393784,149417.0130282598
COL_393830,93012.14882654461
COL_393834,96256.09041636334
COL_393843,106313.4092934782
COL_393924,29271.12243153819
COL_393930,50944.82632205302
COL_393931,51575.90191212831
COL_393953,46047.72103941225
COL_394142,54385.30517945793
COL_394224,158962.95877707915
COL_394448,76200.99900327399
COL_394726,73571.06006312897
COL_394737,42998.56591094718
COL_394738,30501.05933081173
COL_394764,174488.36999840726
COL_394777,39556.49096432945
COL_394783,34712.3649690803
COL_394811,79351.3048055963
COL_394849,56214.35634637544
COL_394857,68296.33890130385
COL_394922,39551.608389360495
COL_394988,41529.85511209816
COL_395063,60662.47465830968
COL_395135,48658.631766279366
COL_395184,70797.48500433023
COL_395191,42922.31948664834
COL_395196,67254.03760017152
COL_395197,64212.06110163321
COL_395209,53055.339388852706
COL_395214,56016.87615629266
COL_395226,47549.338540606535
COL_395281,162671.1105840583
COL_395296,28238.212612293293
COL_395344,42368.38619735825
COL_395573,63354.59878029618
COL_395574,58984.2005494123
COL_395608,45299.50494249444
COL_395713,44255.225026677195
COL_395714,42195.43825416253
COL_395715,41261.532141431686
COL_395717,53312.05573673615
COL_395718,52656.74213933423
COL_395771,36762.43669242411
COL_395816,245791.90191659992
COL_395841,39993.083493752274
COL_395898,57910.628533990755
COL_395904,66428.26949318596
COL_395929,65340.113941012976
COL_396047,150915.09440337395
COL_396072,54789.278540935986
COL_396104,195639.8584245441
COL_396114,39797.241548806014
COL_396161,43573.680081887724
COL_396162,28227.973174629788
COL_396197,43210.12921463641
COL_396213,44821.879026665934
COL_396366,41655.31495931678
COL_396368,33530.33559725037
COL_396373,34545.437782444584
COL_396385,40323.67335640796
COL_396389,85336.1564291023
COL_396399,48506.16017148987
COL_396434,59608.96118396407
COL_396522,61571.94717520378
COL_396536,47929.55044724821
COL_396544,46899.05029310134
COL_396605,46201.501274526185
COL_396766,42186.35174739738
COL_396828,40994.54515008088
COL_396833,59015.83125416757
COL_396838,40094.56891479092
COL_396937,46192.313686373534
COL_396959,57769.529402116124
COL_396960,53419.60999698533
COL_396961,52199.17721588963
COL_396975,52368.356338661244
COL_397004,46592.53423173512
COL_397068,44774.8402319067
COL_397220,44914.591923532855
COL_397251,44552.044236334346
COL_397387,26146.097741604248
COL_397408,135304.34677933002
COL_397515,363539.45214383514
COL_397613,47183.61218531751
COL_397736,43501.84296673255
COL_397747,55446.92036872614
COL_397860,49885.923416391146
COL_397875,25804.26639657313
COL_397928,50286.760898445405
COL_398072,46571.8811606971
COL_398073,42350.79753519766
COL_398193,51009.35258084225
COL_398230,51952.35744645135
COL_398232,131528.09357357785
COL_398238,69265.2648680796
COL_398375,33333.13834506212
COL_398381,39040.94718835549
COL_398395,43226.66302406552
COL_398412,43225.12453056553
COL_398466,49831.720419987745
COL_398494,40536.061264300515
COL_398545,45068.39161315874
COL_398781,52884.752522065384
COL_398819,54445.71226365697
COL_398836,51993.83925546289
COL_398868,148545.9407393601
COL_398879,57895.76564246526
COL_398902,46233.4223921511
COL_398904,66900.34964406474
COL_399019,28036.163290449756
COL_399049,61469.662882843
COL_399059,45523.07555955398
COL_399127,69681.40814049394
COL_399459,64934.15923449654
COL_399529,33663.47941307676
COL_399530,37125.24662921978
COL_399886,95288.3172270033
COL_399931,45241.263766068274
COL_400024,73980.39795822866
COL_400104,61073.72343487777
COL_400156,41125.95154199274
COL_400161,38322.080320840585
COL_400207,40601.629852574144
COL_400215,38540.22708912292
COL_400271,54403.311381528234
COL_400272,53235.22562787606
COL_400380,30611.376345080593
COL_400422,19597.453200599528
COL_400487,66907.36156558021
COL_400545,55053.94813755255
COL_400546,54188.21494935513
COL_400549,62889.38533527725
COL_400554,47059.548177668126
COL_400610,43693.97964140083
COL_400630,42583.76361931636
COL_400640,69453.10095294131
COL_400645,54933.458338493976
COL_400652,34855.13275000181
COL_400802,45716.86472856906
COL_400811,60172.04879028635
COL_400840,42538.94136295058
COL_400904,57778.06724447999
COL_400940,230370.99292822694
COL_401007,42075.04272116188
COL_401013,44663.408945164
COL_401269,60606.08431195088
COL_401392,582867.9580616774
COL_401419,64322.92194840622
COL_401547,33072.710959840486
COL_401587,50287.68466407351
COL_401661,52034.90406600033
COL_401705,45427.48349413574
COL_401767,40663.532765620956
COL_401797,40398.953517009206
COL_401868,50220.72680052504
COL_402016,47098.83033707553
COL_402348,29364.308818422185
COL_402421,48927.186767881256
COL_402474,45691.869944031336
COL_402475,130057.10319891585
COL_402507,31418.369110093678
COL_402530,58153.720880704685
COL_402555,62079.73064933474
COL_402739,188210.53403255102
COL_402789,40796.05439782582
COL_402795,48554.63860406123
COL_402894,38698.83969579244
COL_402928,64659.10829909438
COL_402934,71632.8472854794
COL_402936,70889.08036149302
COL_402957,52690.10227918611
COL_403052,50490.98768151935
COL_403101,75524.7517797206
COL_403137,61551.33966077877
COL_403139,51251.57060077733
COL_403160,40904.55843339832
COL_403161,48384.03788658618
COL_403162,51555.41083882062
COL_403165,40750.22366779432
COL_403242,39647.591913685486
COL_403418,43294.35398166834
COL_403560,47900.507770191245
COL_403564,47663.10426187088
COL_403610,49033.09008984473
COL_403634,64461.78131199757
COL_403737,78028.30028363795
COL_403848,56422.60930129163
COL_403854,56442.85779103011
COL_403937,56141.685448739234
COL_404130,170182.35058229679
COL_404143,50758.66517910706
COL_404183,40701.41852868127
COL_404215,57521.572675658535
COL_404333,53674.98167620864
COL_404345,38493.21227664655
COL_404438,95536.80542133172
COL_404439,59009.963380840214
COL_404491,227841.0929349898
COL_404576,35600.21029817627
COL_404620,32264.177916396467
COL_404651,34711.13385157931
COL_404736,30855.077564496904
COL_404745,46127.04591974843
COL_404784,42620.054849652384
COL_404872,38944.53778993583
COL_405059,45002.86908828158
COL_405127,32389.988089229162
COL_405143,81877.55899790692
COL_405156,52805.01770350293
COL_405235,38410.437365769896
COL_405303,41432.578412655974
COL_405345,39180.54252363051
COL_405398,42943.25979941146
COL_405399,58293.333184417366
COL_405507,39237.51853880907
COL_405529,48086.88505167848
COL_405658,47254.49213183318
COL_405666,41157.63003910807
COL_405711,36531.40345453959
COL_405811,40304.88675304624
COL_405951,43101.85023138247
COL_406025,68843.35669822115
COL_406081,74683.24798312782
COL_406092,57399.21318457953
COL_406116,37713.92424328457
COL_406145,35427.5315233528
COL_406171,45555.47694982093
COL_406232,30006.32206462674
COL_406234,31580.06073207654
COL_406275,52660.9020622562
COL_406276,56507.10189820249
COL_406277,43529.748041668114
COL_406278,48452.97094036373
COL_406279,43208.957496773655
COL_406291,38305.36301147921
COL_406380,59346.633304102026
COL_406471,46429.88245441532
COL_406524,42219.315061879526
COL_406525,41126.47916313308
COL_406577,49094.31559573195
COL_406642,200723.41738553572
COL_406698,77634.83007686412
COL_406765,18035.28440996314
COL_406819,83568.96155381428
COL_406981,47867.936501123186
COL_407017,43849.89746425811
COL_407064,37829.5150269615
COL_407236,159538.5743735378
COL_407262,75651.22726023376
COL_407274,91241.68445037716
COL_407301,44585.57877811477
COL_407334,58051.85214068264
COL_407372,55672.987615970706
COL_407383,40562.72325234411
COL_407391,54944.4240663989
COL_407415,37713.80378541034
COL_407480,74820.55514260069
COL_407570,143165.8829369
COL_407627,44415.91307082207
COL_407634,83507.46449752201
COL_407635,81835.13015418725
COL_407683,31435.77669406569
COL_407899,60823.59528092946
COL_407927,36133.05484912528
COL_407936,47080.120639702596
COL_407956,39254.00424535157
COL_407969,48156.855859846204
COL_408007,46184.40230250432
COL_408026,44741.41633775121
COL_408056,40248.908742910215
COL_408156,51585.9156559108
COL_408157,60911.99565964507
COL_408181,45444.63564301359
COL_408230,48325.16106472339
COL_408276,62710.23665587921
COL_408313,36633.65004812653
COL_408317,39299.29753732763
COL_408318,30778.35931438925
COL_408319,44962.605123583446
COL_408320,41367.20226963828
COL_408349,51963.94968538517
COL_408552,59935.350797278305
COL_408565,38523.72903677424
COL_408672,53045.74049144526
COL_408682,58532.76576758522
COL_408686,24880.1305563141
COL_408724,37055.868905205025
COL_408765,44610.42708473286
COL_408832,49871.21039264213
COL_409107,79313.15817770881
COL_409486,49366.096914180576
COL_409495,42954.5859031759
COL_409540,162065.11461989852
COL_409590,54545.21648224211
COL_409662,42473.44413723046
COL_409668,49201.15278585992
COL_409784,43471.43268299185
COL_409790,61043.45862557793
COL_409858,37087.128143484326
COL_409866,34634.81809908937
COL_409962,30123.604735658984
COL_410295,52102.49597834093
COL_410302,40453.964559468885
COL_410316,44434.75562528501
COL_410448,42855.687648480474
COL_410498,44710.348109140614
COL_410525,44807.68198447224
COL_410534,32296.593426524203
COL_410549,42961.35868019679
COL_410657,56715.32984918023
COL_410724,39987.69288080398
COL_410778,40745.0886388384
COL_410957,47844.560542044586
COL_411043,108345.99886298423
COL_411096,141106.02263620612
COL_411111,57476.92027950588
COL_411137,97090.76013017663
COL_411195,46373.45073027802
COL_411202,34820.920538376624
COL_411220,98510.32754113106
COL_411221,128387.64844187349
COL_411238,42786.997442188214
COL_411275,36701.49633498485
COL_411301,40919.52000485683
COL_411514,45582.42661783715
COL_411540,34032.04679671099
COL_411700,37609.218088981186
COL_411961,34181.68283528926
COL_411962,47423.33650270394
COL_412082,47698.36300953968
COL_412105,45043.32946867928
COL_412122,27065.10489443247
COL_412124,45898.44362666668
COL_412125,37981.420375267524
COL_412244,38499.24751936854
COL_412251,51479.399948483
COL_412275,45700.398845002404
COL_412308,58559.508492786845
COL_412337,39270.2337294318
COL_412350,80724.88286529385
COL_412395,46274.430765390294
COL_412411,81815.72101690459
COL_412491,66361.54760518474
COL_412575,32692.11520418705
COL_412583,40286.92158320448
COL_412606,42037.31885571995
COL_412656,48855.494685025405
COL_412697,42459.97400873915
COL_412711,38988.18166107322
COL_412850,37414.4288556671
COL_412851,45097.51846091431
COL_412853,43046.09608066505
COL_412856,40986.68009474885
COL_412857,30526.97009201005
COL_412925,187485.8295945694
COL_412926,191438.69152148394
COL_413217,56476.88548131196
COL_413225,63252.082601988266
COL_413258,50719.493579195325
COL_413261,42823.859601121185
COL_413262,47463.35924853313
COL_413270,24336.707329239056
COL_413271,48627.91412069033
COL_413275,42674.57005302119
COL_413474,159558.4898485336
COL_413482,46951.81331381823
COL_413607,38181.5111051516
COL_413678,37499.786278941836
COL_413943,54033.784705292215
COL_413976,52129.31821149061
COL_414175,238280.39389752
COL_414193,59095.91322644931
COL_414295,22424.251612509925
COL_414337,170331.88201393976
COL_414380,22014.66657705087
COL_414470,58803.25970945221
COL_414471,33717.515321844265
COL_414687,40265.43664780862
COL_414867,56317.825282631675
COL_414930,51958.01256709418
COL_414931,53924.35945601335
COL_415267,52468.129977076416
COL_415295,65164.670926249164
COL_415296,49731.641548383006
COL_415357,118258.70003026312
COL_415433,32241.17726543787
COL_415503,43211.8060168259
COL_415607,51937.0021139771
COL_415617,37172.264905998665
COL_415653,55701.404236579845
COL_415665,41887.349496191404
COL_415782,46114.66927401065
COL_415791,55012.58066774205
COL_415947,60831.93962869253
COL_415983,47800.03140016266
COL_415989,35884.63116409424
COL_416016,43599.98480090215
COL_416140,26384.085983273522
COL_416279,74521.11438760658
COL_416336,42883.40963839983
COL_416444,72186.51059889303
COL_416460,46251.82892129792
COL_416464,39425.27234151892
COL_416466,38670.61191682854
COL_416469,47110.05147747075
COL_416545,29799.415180105552
COL_416560,69335.45399219896
COL_416564,76529.8897759361
COL_416626,50068.50464454833
COL_416665,52109.49534872976
COL_416673,50391.62299578472
COL_416695,109510.9421427078
COL_416696,115376.51715260814
COL_416697,122265.46395525479
COL_416698,92472.96019077912
COL_416699,109114.83114435631
COL_416700,107570.32427455047
COL_416766,37061.67797960121
COL_416774,41503.46738224487
COL_416778,45952.615509188894
COL_416785,56422.89291226013
COL_416814,47869.412661042086
COL_416868,35821.521869439326
COL_416894,67687.66544994219
COL_417030,37682.117100889765
COL_417049,101852.88996954852
COL_417096,46917.58473461919
COL_417122,70074.92634991318
COL_417124,79498.30614173372
COL_417171,63782.31561789667
COL_417174,26283.540708154167
COL_417228,41691.049483237504
COL_417236,65421.43300129456
COL_417265,112989.19447036971
COL_417266,35793.733210814426
COL_417267,87338.1812090007
COL_417271,41943.167567851364
COL_417284,47034.448010734865
COL_417318,119666.60189202591
COL_417423,50106.05262481661
COL_417510,29906.628131561123
COL_417566,47470.179783924104
COL_417567,44775.90556448393
COL_417588,42457.54162671658
COL_417745,52910.62949890993
COL_417886,43653.76604159957
COL_417890,38821.16602632827
COL_418074,34985.522135863044
COL_418076,49723.64911705925
COL_418114,42851.56336242593
COL_418116,39817.28028438102
COL_418130,33565.978699236
COL_418135,36759.88402495815
COL_418144,33942.2802690285
COL_418176,67860.4205204759
COL_418198,69558.83476805226
COL_418222,72289.17920691703
COL_418224,171255.373568713
COL_418240,42316.387252007036
COL_418264,35499.754365417495
COL_418371,148669.89239525195
COL_418556,54976.36114907645
COL_418578,50776.540635775855
COL_418774,39144.84366730246
COL_418818,73984.04577782415
COL_418839,47914.46414796139
COL_418881,53621.08072561853
COL_418888,48480.95387174991
COL_418990,45406.99884493502
COL_419050,30472.378099192887
COL_419102,33085.317903567295
COL_419181,29014.489613108326
COL_419250,84034.41442855643
COL_419337,77493.88661857406
COL_419383,50260.34119520921
COL_419397,74166.26820090716
COL_419431,38632.08737876643
COL_419510,89550.3560771671
COL_419518,23486.091998433072
COL_419574,34918.92077923783
COL_419578,42659.57373746799
COL_419614,25874.112710524918
COL_419756,204764.5741502751
COL_419765,48645.489059764346
COL_419779,46600.21819095007
COL_419796,39501.865268646274
COL_419798,29866.08499297844
COL_419799,52789.016406807124
COL_419870,56089.21160762459
COL_419871,54177.03235200774
COL_419872,52849.90374064555
COL_419873,50728.73592152279
COL_420021,140906.52331402712
COL_420031,37007.98670252531
COL_420037,36148.052580988224
COL_420080,62497.32349327368
COL_420362,41698.96243219777
COL_420401,55195.24589649899
COL_420490,54022.16336346915
COL_420491,27809.2317278393
COL_420515,52927.36392253225
COL_420540,252293.91091550686
COL_420668,36197.20806235651
COL_420707,40222.3203745264
COL_420743,250588.92129450722
COL_420784,35754.37841024658
COL_420790,45029.853481681734
COL_420901,47548.99309066681
COL_421024,57669.96223819787
COL_421052,50850.75617057127
COL_421060,28412.31075668728
COL_421061,54061.293655567555
COL_421110,42944.7329270451
COL_421112,59695.401473394806
COL_421121,67046.95454903852
COL_421208,38603.61982766013
COL_421218,47885.368737756595
COL_421237,196850.2751696375
COL_421255,45795.553378357574
COL_421283,42509.439000150844
COL_421291,63515.86031573979
COL_421297,128471.3680263832
COL_421343,40534.53550769104
COL_421344,39986.74148039592
COL_421348,45156.23705168945
COL_421552,58817.438392770506
COL_421654,47849.28979453164
COL_421655,50253.266908409845
COL_421692,31501.855181692685
COL_421693,61655.204491474076
COL_422153,49173.54487748366
COL_422232,34527.42173318725
COL_422255,58849.75539769691
COL_422256,51572.52852364697
COL_422257,45358.43288528515
COL_422275,38852.463724397836
COL_422286,44485.34748362602
COL_422287,46921.725633063055
COL_422289,30442.157392035962
COL_422290,46813.14125958424
COL_422291,56494.33610660177
COL_422330,40087.60188018487
COL_422413,60711.9160334369
COL_422452,38608.54591982285
COL_422592,27873.534336953107
COL_422610,61209.731730061576
COL_422646,340129.18271239265
COL_422735,70553.96861745394
COL_422779,57836.567474906544
COL_422780,60016.77688421693
COL_422781,61808.146052537326
COL_422782,50688.92192669292
COL_422832,41856.087660675716
COL_422901,20883.61016407842
COL_422922,49219.448356595065
COL_422969,39553.14016604647
COL_422998,36222.40095747543
COL_423042,54226.93377771048
COL_423271,195374.7276122637
COL_423292,30581.316239474807
COL_423390,29462.396114198073
COL_423398,27385.489561862618
COL_423541,59049.90973565032
COL_423629,55024.03883177028
COL_423714,137946.4661966935
COL_423761,145443.39260318
COL_423762,141016.79771745027
COL_423840,29783.69253729255
COL_424042,79863.0246566181
COL_424094,48052.53809469462
COL_424147,37462.56974385232
COL_424211,62522.10457553732
COL_424260,43367.44125077159
COL_424300,50704.848677240174
COL_424348,28039.494322935097
COL_424494,50537.37280801798
COL_424642,214246.6889923268
COL_424752,60016.662137996726
COL_425001,50299.57340142832
COL_425093,43009.045540632666
COL_425126,61655.638613267925
COL_425176,33489.13573103133
COL_425196,40583.23190292539
COL_425223,41943.4898843886
COL_425244,45219.04785600719
COL_425369,47917.82528111023
COL_425409,45638.39169777215
COL_425441,90516.67498286821
COL_425639,49078.51102731926
COL_425665,43513.687274475575
COL_425846,58960.34999374738
COL_425989,59957.828445453684
COL_426027,40677.760349862736
COL_426061,40686.372677257
COL_426087,46299.846085725214
COL_426104,26097.610866786545
COL_426111,47029.69493208196
COL_426115,59752.87252897906
COL_426116,48624.81026944557
COL_426125,52722.67084777315
COL_426151,45228.94866738365
COL_426153,58080.51629706988
COL_426154,36614.73106802389
COL_426155,39633.96543313766
COL_426193,72466.86063542841
COL_426194,57494.00660696133
COL_426197,67415.74554376626
COL_426198,85952.45497837663
COL_426280,63233.15660413615
COL_426368,84284.0481150802
COL_426396,49399.11734916981
COL_426421,55540.51558327388
COL_426497,53035.60388362049
COL_426515,70395.33506311168
COL_426542,41065.8803857992
COL_426551,64896.65251549528
COL_426606,34284.76385334543
COL_426630,36089.67060686487
COL_426890,37001.43501190682
COL_427026,32572.55614090372
COL_427086,36801.00928900192
COL_427087,39438.729016160076
COL_427088,37367.54338447576
COL_427345,39360.875761550604
COL_427417,46917.625589249095
COL_427594,190133.61079353394
COL_427626,41528.2600966343
COL_427674,58240.10649114054
COL_427685,49669.39618689904
COL_427694,43527.89710542462
COL_427711,50316.853593915774
COL_427712,87432.43635730393
COL_427713,40629.89780907719
COL_427738,80091.0559032165
COL_427889,45321.74221114906
COL_427891,54482.07061381445
COL_427927,63885.07574690771
COL_428045,40558.66787841779
COL_428116,39047.37140167043
COL_428221,45510.43922825758
COL_428332,41131.78051486978
COL_428419,36796.60635511176
COL_428436,44849.08853819532
COL_428459,34300.07315635291
COL_428460,58083.16993661339
COL_428724,151534.4773676777
COL_428952,48418.50963404922
COL_428982,48960.1566688268
COL_428983,47772.686677492
COL_429040,37814.74875227848
COL_429053,54361.069671223726
COL_429063,50587.54039743939
COL_429128,47196.119094928814
COL_429131,46976.60203780288
COL_429190,39704.0300215424
COL_429211,39442.117764950315
COL_429243,59936.7552925874
COL_429270,57239.87246718172
COL_429312,64856.63875359779
COL_429415,47917.96694674041
COL_429434,55158.63461713514
COL_429512,45575.81436028968
COL_429591,41064.665520025555
COL_429627,53678.50706389604
COL_429671,70729.05077284503
COL_429672,68309.81700052076
COL_429688,74458.19274808302
COL_429689,70567.08359070537
COL_429693,55159.04410136956
COL_429715,57230.73084669129
COL_429792,65283.28256616566
COL_429831,46365.763036573604
COL_430043,212900.7024466441
COL_430076,56068.6733827057
COL_430092,49260.75993258185
COL_430123,43813.3072864367
COL_430196,38643.02638469741
COL_430201,40922.3981800892
COL_430215,133422.445716847
COL_430335,35495.5696129694
COL_430443,69585.81567366171
COL_430444,65086.5049154345
COL_430445,50010.46227604157
COL_430446,62705.17216641227
COL_430506,50225.31877928056
COL_430651,48566.90249497119
COL_430726,60443.67161197468
COL_430765,49660.82100933258
COL_431040,49846.954620091106
COL_431079,43473.58970217981
COL_431111,34321.560311597306
COL_431147,38477.24079311935
COL_431149,43901.44891354783
COL_431152,31019.906243583802
COL_431279,75599.2075997612
COL_431283,26914.09128053076
COL_431331,43829.597582217444
COL_431364,30204.283392808677
COL_431377,40551.80160554938
COL_431389,36451.73857295428
COL_431561,47723.296319757064
COL_431663,32292.723816031565
COL_431675,25441.741989498823
COL_431683,134462.33208262426
COL_431707,68554.42733687095
COL_431768,42459.97400873915
COL_431982,42117.22044152304
COL_431990,40559.67242238145
COL_432077,37370.21095329135
COL_432104,28277.4050939406
COL_432105,27942.710728237147
COL_432272,31541.77144426862
COL_432283,38057.50746751486
COL_432319,36987.899357914896
COL_432320,37277.764067025484
COL_432332,27203.205156474487
COL_432333,43682.95460224285
COL_432412,124695.80493384587
COL_432415,36543.362796248446
COL_432420,32878.605469142116
COL_432640,51054.649144733
COL_432644,23999.76951458317
COL_432646,55789.8052470223
COL_432755,135591.62804246772
COL_433016,71507.05467935812
COL_433137,47805.9770446105
COL_433206,61628.46416823015
COL_433218,39527.72893011234
COL_433381,55100.72969264129
COL_433499,27670.25742783034
COL_433501,52278.762866156234
COL_433595,44085.22706522118
COL_434015,55836.505364877856
COL_434023,38006.28322681772
COL_434027,54447.542342238696
COL_434046,187508.38072099743
COL_434082,152550.33394008523
COL_434097,51335.187161644215
COL_434119,39823.83124983592
COL_434214,42712.95230700843
COL_434303,54645.97650667203
COL_434319,38479.01003041546
COL_434320,39781.688527567974
COL_434338,62112.596493486635
COL_434431,44997.46835517298
COL_434434,46291.3505039065
COL_434601,43178.28216447952
COL_434621,45520.40635640136
COL_434651,43536.80484043515
COL_434686,29364.308818422185
COL_434771,45948.96659680148
COL_434823,60823.050702874236
COL_434848,46377.54055578538
COL_434871,25914.506678402853
COL_435108,53195.24325396286
COL_435148,30875.985258346103
COL_435225,37934.12002361793
COL_435332,169468.04750525526
COL_435436,50720.48994264528
COL_435657,54447.37912224421
COL_435665,48085.89516906172
COL_435718,149741.60204960534
COL_435759,31229.566374116774
COL_435887,33992.09310237726
COL_435996,236661.21732903214
COL_435997,49995.24469732411
COL_436077,84661.18704275748
COL_436085,46835.852809022814
COL_436126,47321.84819463406
COL_436133,40731.80172252959
COL_436154,52321.772589323125
COL_436195,40622.55233818761
COL_436277,43492.78122992325
COL_436336,48555.76850420735
COL_436344,49132.891267169296
COL_436422,54627.08678293826
COL_436438,23461.45551622447
COL_436469,54702.01526270439
COL_436574,43709.11055376048
COL_436582,29769.728752482937
COL_436675,30909.25297472533
COL_436712,30361.53744242208
COL_436721,73419.9536589375
COL_436732,82825.08889212117
COL_436758,52913.462253593476
COL_436969,33325.21505955632
COL_437029,98088.64741140518
COL_437045,45748.1742574191
COL_437048,34170.501246160966
COL_437102,102629.40989479636
COL_437108,40656.43528323599
COL_437131,111828.13754938034
COL_437150,51723.42241314246
COL_437151,52441.09359226314
COL_437153,49556.55654245991
COL_437154,50692.19295961487
COL_437155,51439.19973768555
COL_437156,52448.65933052599
COL_437157,52117.50510509741
COL_437186,51079.019623714754
COL_437187,42870.47078205624
COL_437195,55628.92869837695
COL_437280,42985.071558333635
COL_437358,187847.9348940631
COL_437384,54904.36173632365
COL_437385,74235.30827652878
COL_437386,84025.56113462022
COL_437455,33331.512761974474
COL_437456,42373.14402475365
COL_437610,33429.725978790775
COL_437874,48836.455670006166
COL_437881,54320.63667301253
COL_437949,39993.30644808191
COL_437953,39011.35701321704
COL_437972,38744.88774458096
COL_437999,53804.96169447344
COL_438013,68996.24273254425
COL_438024,51309.16747591604
COL_438136,38328.893288093415
COL_438164,206284.67774977145
COL_438343,64666.1291287192
COL_438424,41177.09330692694
COL_438451,24852.73318926381
COL_438458,64370.09247308783
COL_438466,135494.7218573121
COL_438470,48090.43957602719
COL_438603,48844.36004637242
COL_438755,269255.2621155047
COL_438836,43980.11681948154
COL_438853,90572.96083476392
COL_438878,64679.989089825714
COL_438979,44768.09944909613
COL_439032,29066.134892938215
COL_439248,52575.85659709736
COL_439348,69321.8346561946
COL_439366,50133.05770271322
COL_439375,56642.580886603166
COL_439448,77150.34723537423
COL_439463,42056.44680374016
COL_439473,62003.634148664816
COL_439546,50763.4933881798
COL_439560,37887.74963678977
COL_439603,54604.3938143669
COL_439708,49384.669679267274
COL_439738,40379.344721810485
COL_439739,46760.88462198478
COL_439741,54278.5971037677
COL_439746,68651.07660587868
COL_439755,52819.71528066077
COL_439868,38624.90302307518
COL_439909,53686.938148552086
COL_439912,46456.46784106892
COL_439941,40877.873931446156
COL_440220,40492.366884191724
COL_440226,84637.69252444712
COL_440257,51804.61026466072
COL_440262,35712.57247025892
COL_440318,52679.95983336601
COL_440336,46176.12786301219
COL_440347,69574.85442302327
COL_440618,46171.070030365765
COL_440788,50586.73188363041
COL_440831,34294.65590557306
COL_440889,32792.57562002374
COL_440892,77267.92742203547
COL_440903,46736.62246029086
COL_441033,43206.45186081443
COL_441069,52967.23699619567
COL_441100,40502.327003419094
COL_441105,45065.9597566687
COL_441129,45340.47243620478
COL_441133,43455.437163675044
COL_441162,78298.71123171592
COL_441185,42466.548338985915
COL_441203,44126.360012216064
COL_441213,44752.8870331435
COL_441222,36661.08912113595
COL_441256,43309.4681273391
COL_441291,42476.73866575558
COL_441499,49002.4362595734
COL_441556,45580.7994829052
COL_441659,43774.136369557855
COL_441695,48428.44869133261
COL_441725,34583.69807944711
COL_441852,28078.153841663738
COL_441872,386794.9676865597
COL_441885,40167.11602476756
COL_441886,49012.52446541862
COL_441887,37945.65514320272
COL_441968,41992.65398646363
COL_442042,80366.19625535705
COL_442088,38569.97444952796
COL_442218,63548.23658304441
COL_442223,39339.77985390461
COL_442404,37415.428439088115
COL_442430,57942.310963561205
COL_442436,60453.829058284995
COL_442660,50179.17438987589
COL_442689,44433.746585680965
COL_442736,31742.222944985268
COL_442849,41717.32249704727
COL_442859,49148.60595561851
COL_442896,63289.380444935865
COL_442899,81807.92470005504
COL_442969,62244.94557718981
COL_443027,104475.58475525116
COL_443075,46591.71290083847
COL_443076,75365.71177377943
COL_443086,45089.155343330276
COL_443087,37133.14419325894
COL_443105,43496.48166152543
COL_443174,48720.972760483666
COL_443215,49553.68601074429
COL_443224,56473.964034117496
COL_443260,47668.54884002096
COL_443261,35107.759171719495
COL_443353,82940.76279599004
COL_443381,54459.61759368158
COL_443604,228367.66833775377
COL_443605,200600.65671784338
COL_443606,193985.76337290744
COL_443644,52492.45976235192
COL_443699,28008.28467089329
COL_443721,53112.48691380263
COL_443797,43612.06546909692
COL_443798,52868.914981973336
COL_444056,55633.84694430451
COL_444127,31585.26149020306
COL_444137,28615.88780412721
COL_444163,70049.55416306942
COL_444190,47706.99542776812
COL_444262,49449.636952958776
COL_444332,31982.620314096934
COL_444379,48667.00352660646
COL_444406,69546.13983531008
COL_444612,20031.199349617393
COL_444615,135175.65195288684
COL_444634,39514.8804269717
COL_444659,22479.09743031358
COL_444707,103856.32604026573
COL_444834,81977.4076211917
COL_444936,44258.10917138688
COL_445000,43076.63926992848
COL_445091,40890.06526137419
COL_445127,325137.3267930291
COL_445191,37308.86728634961
COL_445218,59299.40075620712
COL_445268,214967.9202015873
COL_445304,49514.914812192095
COL_445315,32231.818658032254
COL_445336,41750.582122175605
COL_445547,48641.3628706006
COL_445578,70322.63314782869
COL_445661,45257.42704343313
COL_445664,81524.43140070199
COL_445689,38056.707260211035
COL_445693,50666.061206309096
COL_445738,119657.3055672092
COL_445749,61033.58680591856
COL_445753,45049.48692854536
COL_445754,36639.951929026625
COL_445756,35785.35554161038
COL_445780,54514.48097037163
COL_445795,36291.130802435895
COL_445839,41110.43210319855
COL_445871,83145.80590152869
COL_445928,23652.968794911798
COL_446061,40979.986464346126
COL_446070,92141.2483892147
COL_446108,84574.75088167285
COL_446174,62969.947917322774
COL_446228,47684.502367947774
COL_446244,28968.234880055494
COL_446347,38256.10955112102
COL_446363,44541.8045542232
COL_446584,47258.73487732902
COL_446585,47715.29103703053
COL_446586,47568.81648079757
COL_446587,44370.50875585945
COL_446588,44087.45639272958
COL_446615,45393.25609561536
COL_446800,35702.871836916005
COL_446838,49155.285695798186
COL_446853,46029.342422181246
COL_446909,29693.64976546085
COL_446917,35567.414396310516
COL_446918,36025.78122268621
COL_446919,39047.34204237908
COL_446920,31037.866355052025
COL_446924,32859.05894890103
COL_447009,79591.7287469468
COL_447084,71544.3032958355
COL_447134,38900.85748000255
COL_447200,65457.748845311005
COL_447278,31589.55681517891
COL_447297,51599.12547734244
COL_447310,42568.23477781039
COL_447346,42565.49849254738
COL_447394,110616.94374678467
COL_447395,59025.242236314036
COL_447397,49039.395647217505
COL_447412,72443.22590151582
COL_447424,41578.59493384046
COL_447434,55537.167884198876
COL_447435,47738.58994975669
COL_447436,48726.406363314854
COL_447437,52672.45183146418
COL_447438,54013.724962563545
COL_447439,42442.61837119658
COL_447440,47187.1130712113
COL_447441,50345.95766255214
COL_447442,51171.6813083394
COL_447443,50520.89391592336
COL_447444,49218.69024957151
COL_447445,47548.52554574685
COL_447446,37206.55513207249
COL_447477,39127.653494650134
COL_447514,91969.41457505578
COL_447614,34107.49293725919
COL_447615,34318.22724605203
COL_447642,47475.68749879612
COL_447650,73577.25222988732
COL_447671,64781.52026371815
COL_447672,64690.82665618466
COL_447698,208011.0634313836
COL_447719,40281.0877391181
COL_447739,77955.45196463531
COL_447865,38717.52615126374
COL_447932,79386.25181177857
COL_447950,43433.53769137985
COL_447973,76378.43845692676
COL_448004,63770.720643805995
COL_448005,69079.37180127195
COL_448006,69011.01157070434
COL_448007,61428.02888970932
COL_448008,69023.72242625155
COL_448009,45228.81198743581
COL_448010,55819.847161847756
COL_448011,75582.01257412255
COL_448017,48180.796234112146
COL_448081,30991.450896031027
COL_448229,75797.20470721781
COL_448288,53516.872950351455
COL_448328,39993.818941510064
COL_448412,61665.38356651424
COL_448444,194380.92740584395
COL_448461,49315.61097434786
COL_448500,45010.43031432494
COL_448541,61998.03154478318
COL_448542,44321.7058281469
COL_448543,46155.3384352012
COL_448547,44499.10999535916
COL_448598,167175.83126621958
COL_448757,37791.21297468018
COL_448763,47705.724165341875
COL_448835,50015.88937431547
COL_448853,60153.18306808983
COL_448947,42553.93481252707
COL_449012,41659.786153733265
COL_449016,38076.34265904729
COL_449024,61417.56232951824
COL_449043,40474.60468913657
COL_449090,49198.32617211376
COL_449146,35824.079124062366
COL_449216,51498.37615427342
COL_449293,61933.0573286242
COL_449311,58078.03682183103
COL_449349,36975.678655416916
COL_449389,52736.387378681844
COL_449497,41594.216682622624
COL_449515,46024.89294308567
COL_449522,45721.578576708394
COL_449526,32495.648354618203
COL_449528,41709.67171019467
COL_449532,31220.29144555104
COL_449536,39477.43832009973
COL_449588,37071.13795621807
COL_449592,55858.48849545122
COL_449811,172076.81411392076
COL_449907,34880.29011272571
COL_449939,101879.24937670802
COL_450017,37175.90781851342
COL_450118,127365.59973108917
COL_450161,37447.90212163604
COL_450164,46033.74235164565
COL_450185,77671.2809358915
COL_450237,26082.49235822889
COL_450271,57376.12299095012
COL_450347,42973.23922946171
COL_450351,49984.14244396916
COL_450523,32073.728526359515
COL_450578,31310.74350671951
COL_450609,47468.37279003712
COL_450632,32400.300667782656
COL_450739,40490.393500349215
COL_450740,38398.921314994324
COL_450800,79584.55922440438
COL_450807,43429.15412734811
COL_450863,47090.030830527394
COL_451021,84904.51554148101
COL_451022,53152.024641294855
COL_451120,48115.15839041492
COL_451222,42815.27634609891
COL_451337,32301.590223399613
COL_451353,53072.61887597533
COL_451357,44383.69103997608
COL_451366,39726.36932500625
COL_451424,43316.48391266536
COL_451493,55017.76603895963
COL_451570,33423.27693740688
COL_451580,42186.626627720965
COL_451581,42100.86065713879
COL_451744,51123.75110188613
COL_451780,46853.30898046551
COL_451858,43155.977142726064
COL_451866,54771.443823432535
COL_451867,60008.73236595212
COL_451876,56380.04127278181
COL_451882,27889.992062309648
COL_451949,41899.04790920913
COL_452035,42060.38400606531
COL_452047,33901.30426838654
COL_452048,65897.97853170027
COL_452145,53922.86416082408
COL_452284,39187.71823090914
COL_452285,61624.19917374814
COL_452313,74416.88213011049
COL_452342,31403.64381579816
COL_452469,47729.091235490756
COL_452492,82460.05342071348
COL_452515,54460.35049967062
COL_452536,41867.46139035146
COL_452555,62052.72314712262
COL_452731,47947.39371691436
COL_452765,54159.42834762933
COL_452800,45494.81360818635
COL_452849,58375.33080487105
COL_452871,62259.53522360206
COL_452912,57036.38071650335
COL_452934,43150.43833466438
COL_453175,73252.7289083436
COL_453176,60963.32613443611
COL_453182,108926.9851231118
COL_453204,52244.233223470794
COL_453205,43782.34346004569
COL_453213,43742.74238006074
COL_453228,41841.702596673655
COL_453378,64722.59743426581
COL_453382,47519.604497143206
COL_453391,31652.77995744664
COL_453406,32346.93264602298
COL_453662,53444.79829420608
COL_453691,45175.99279169787
COL_453739,61303.009965141304
COL_453800,57516.07273448409
COL_453871,39829.54055948843
COL_453991,59206.96619701888
COL_453992,66206.38813143506
COL_453993,50168.14671878367
COL_453994,51823.78799362595
COL_453995,52483.09363546346
COL_453996,54901.15999409007
COL_453997,55749.61387435287
COL_453998,53651.85411010799
COL_453999,52764.89965619703
COL_454000,63881.128920174946
COL_454001,66214.20155612001
COL_454002,65968.13809368627
COL_454003,65680.38244621767
COL_454004,65181.963217898134
COL_454005,55325.75934005328
COL_454022,41754.870308932455
COL_454023,46777.9661428014
COL_454069,173660.4917247263
COL_454085,49051.36586484254
COL_454096,38350.98754343526
COL_454109,86525.16181861896
COL_454110,57617.711444533
COL_454132,49172.84577723806
COL_454285,39504.62998080965
COL_454306,51900.444930124526
COL_454307,53667.71175368982
COL_454308,49619.76569757988
COL_454309,48505.78698793456
COL_454310,38749.934315658305
COL_454422,49023.21536793944
COL_454493,44190.53495582936
COL_454637,49490.43967398444
COL_454727,50449.610450724365
COL_454740,40211.14237048922
COL_454753,53191.06953561546
COL_454768,35529.71203621788
COL_454799,49632.08291320039
COL_455089,29562.057035700178
COL_455212,44083.481535564344
COL_455261,45984.90588816786
COL_455381,47888.74751609535
COL_455397,53112.184356599246
